Workbook
Name Amounts: Data!$A$1:$A$3

Sheet Data
A1: 10 | B1: 1 | C1: North
A2: 20 | B2: 2 | C2: South
A3: 30 | B3: 3 | C3: North
B4: 4 | C4: Other

Sheet Cases
A1: Formula | B1: Computed by Excel
A2: SUM(Data!A1:A3) | B2: =SUM(Data!A1:A3)
A3: AVERAGE(Data!A1:A3) | B3: =AVERAGE(Data!A1:A3)
A4: MIN(Data!A1:A3) | B4: =MIN(Data!A1:A3)
A5: MAX(Data!A1:A3) | B5: =MAX(Data!A1:A3)
A6: COUNT(Data!A1:A4) | B6: =COUNT(Data!A1:A4)
A7: COUNTA(Data!A1:A4) | B7: =COUNTA(Data!A1:A4)
A8: COUNTIF(Data!C1:C4,"North") | B8: =COUNTIF(Data!C1:C4,"North")
A9: SUMIF(Data!C1:C4,"North",Data!A1) | B9: =SUMIF(Data!C1:C4,"North",Data!A1)
A10: ROUND(2.5,0) | B10: =ROUND(2.5,0)
A11: ROUND(-2.5,0) | B11: =ROUND(-2.5,0)
A12: ABS(-5) | B12: =ABS(-5)
A13: SQRT(9) | B13: =SQRT(9)
A14: MOD(-5,3) | B14: =MOD(-5,3)
A15: POWER(2,3) | B15: =POWER(2,3)
A16: IF(Data!A1>5,"yes","no") | B16: =IF(Data!A1>5,"yes","no")
A17: IFERROR(1/0,42) | B17: =IFERROR(1/0,42)
A18: AND(TRUE,1) | B18: =AND(TRUE,1)
A19: OR(FALSE,0) | B19: =OR(FALSE,0)
A20: NOT(FALSE) | B20: =NOT(FALSE)
A21: LEN("hello") | B21: =LEN("hello")
A22: CONCAT("a","b") | B22: =CONCAT("a","b")
A23: CONCATENATE("a","b") | B23: =CONCATENATE("a","b")
A24: UPPER("Abc") | B24: =UPPER("Abc")
A25: LOWER("Abc") | B25: =LOWER("Abc")
A26: TRIM(" a b ") | B26: =TRIM(" a b ")
A27: ISNUMBER(Data!A1) | B27: =ISNUMBER(Data!A1)
A28: ISBLANK(Data!A4) | B28: =ISBLANK(Data!A4)
A29: ISERROR(1/0) | B29: =ISERROR(1/0)
A30: SUM(Amounts) | B30: =SUM(Amounts)
A31: 2^3^2 | B31: =2^3^2
A32: -2^2 | B32: =-2^2
A33: 50%*200 | B33: =50%*200
A34: "2"+1 | B34: ="2"+1
A35: Data!A1+Data!B3 | B35: =Data!A1+Data!B3
A36: SUM(Data!A:A) | B36: =SUM(Data!A:A)
A37: COUNTIF(Data!A1:A4,"") | B37: =COUNTIF(Data!A1:A4,"")
A38: SUMIF(Data!C1:C4,"<>North",Data!B1) | B38: =SUMIF(Data!C1:C4,"<>North",Data!B1)
A39: IF(FALSE,1/0,7) | B39: =IF(FALSE,1/0,7)
